{
    "mse": 0.00109953701119378,
    "mae": 0.024434110918346564,
    "rmse": 0.033159267350075454,
    "r2": 0.9762150615128351
}